<?xml version='1.0' encoding='utf-8' standalone='yes' ?>
<map>
    <set name="android-min-sdk/28 kotlin/2.1.10 fire-installations/18.0.0 fire-transport/18.2.0 device-model/onclite fire-android/29 android-installer/com.android.vending fire-core/21.0.0 fire-core-ktx/21.0.0 device-name/lineage_onclite android-platform/ fire-fcm/24.1.0 android-target-sdk/27 device-brand/Xiaomi">
        <string>2025-10-04</string>
    </set>
    <long name="fire-count" value="1" />
    <string name="last-used-date">2025-10-04</string>
    <long name="fire-global" value="1759597281787" />
</map>
