{"accessibleDataDirectory":false,"activitiesMonitor":false,"addActivities":["com.applisto.appcloner.classes.FakeCamera$FakeCameraActivity"],"addLauncherIcons":{},"addPermissions":["android.permission.READ_LOGS","android.permission.FLASHLIGHT","net.dinglisch.android.tasker.PERMISSION_RUN_TASKS","android.permission.BLUETOOTH_ADMIN","android.permission.VIBRATE","android.permission.SYSTEM_ALERT_WINDOW","android.permission.CHANGE_WIFI_STATE","android.permission.REQUEST_IGNORE_BATTERY_OPTIMIZATIONS","android.permission.ACCESS_NETWORK_STATE","android.permission.USE_FINGERPRINT","android.permission.ACCESS_WIFI_STATE","android.permission.CAMERA","android.permission.READ_EXTERNAL_STORAGE","android.permission.BLUETOOTH","android.permission.WRITE_SETTINGS","android.permission.READ_SETTINGS"],"addProviders":[],"addReceivers":["com.applisto.appcloner.action.FAKE_CAMERA_SELECT_CAMERA_PICTURE,com.applisto.appcloner.action.FAKE_CAMERA_ROTATE_CLOCKWISE,com.applisto.appcloner.action.FAKE_CAMERA_ROTATE_ANTI_CLOCKWISE@com.applisto.appcloner.classes.FakeCamera$FakeCameraReceiver","com.applisto.appcloner.classes.DisableClipboardAccess$ClearClipboardReceiver"],"allowBackup":"NO_CHANGE","allowDarkMode":false,"allowNotificationsWhenRunning":false,"allowScreenshots":true,"allowSharingImages":false,"allowTextSelection":false,"appDataExportImport":true,"appPasswordAskOnlyOnce":false,"appPasswordStealthMode":false,"appValidFrom":0,"appValidUntil":0,"audioPlaybackCapture":"ALLOW","autoIncognitoMode":false,"autoPressButtons":[],"autoRemoveFromRecents":false,"autoStart":"NO_CHANGE","backAlwaysFinishes":false,"badge":"","batchAppendCloneNumber":false,"batchChangeIconHue":false,"batchSetBadge":false,"blockActivitiesNames":["com.netflix.mediaclient/com.netflix.mediaclient.ui.settings.SettingsActivity"],"blockAllNotifications":false,"blockAllToasts":false,"blockByDefault":false,"bringAppToFrontNotification":false,"bundleAppData":false,"bundleFilesDirectories":[],"bundleObb":false,"bundleOriginalApp":false,"changeAndroidId":false,"changeAndroidIdSeed":0,"changeBluetoothMacAddress":"NO_CHANGE","changeBluetoothMacAddressRandomizeClone":false,"changeDefaultFont":false,"changeImei":"HIDE","changeImeiImsi":false,"changeImeiRandomizeClone":false,"changeImsi":"NO_CHANGE","changeImsiRandomizeClone":false,"changeWifiMacAddress":"NO_CHANGE","changeWifiMacAddressRandomizeClone":false,"clearCacheOnExit":false,"clearCacheWhenNotUsed":false,"clearCacheWhenNotUsedTimeUnit":"DAYS","clearCacheWhenNotUsedValue":3,"clipboardTimeout":false,"cloneNumber":1,"cloningMode":"DEFAULT","confirmExit":false,"customPackageName":"com.netflix.mediaclienj","customPermissions":[],"debugUtils":false,"defaultNotificationLights":{"notificationLightsColor":"NO_CHANGE","notificationLightsPattern":"NO_CHANGE"},"deleteFilesDirectoriesOnExit":[],"densityDpiScale":1.0,"deviceLockDeviceIdentifiers":[],"disableAccessibilityServices":true,"disableActivityTransitions":false,"disableAllNetworking":false,"disableAllNetworkingDisableDelay":0,"disableAllNetworkingEnableDelay":0,"disableAppDefaults":false,"disableAutoFill":false,"disableAutoStart":false,"disableBackgroundNetworking":false,"disableCalendarAccess":false,"disableCallLogSmsAccess":false,"disableCameras":false,"disableChromecastButton":false,"disableClearTextNetworking":false,"disableClipboardReadAccess":false,"disableClipboardWriteAccess":false,"disableConnectivityChangeEvents":false,"disableContactsAccess":false,"disableDeviceAdmin":true,"disableHapticFeedback":false,"disableHardwareAcceleration":false,"disableInAppSearch":false,"disableLogcatLogging":false,"disableMobileData":false,"disableNestedScrolling":false,"disableNetworkingWithoutVpn":false,"disableNewPictureVideoEvents":false,"disablePermissionPrompts":false,"disablePhotoMediaAccess":false,"disableRuntimeModdingOptions":false,"disableShareActions":false,"disableSpaceManagement":false,"disableUsbAccessoryModeEvents":false,"disableUsbHostModeEvents":false,"disableWakeLocks":false,"disableWatchApp":false,"disableWidgets":false,"documentLaunchMode":false,"enableBatchCloning":false,"enableTvVersion":false,"excludeFromRecents":false,"exitAppOnScreenOff":false,"exitAppOnScreenOffDelaySeconds":0,"facebookLoginBehavior":"WEB_ONLY","fakeBatteryLevel":0,"fakeCalculator":false,"fakeCamera":false,"fakeDateDay":0,"fakeDateMonth":0,"fakeDateYear":0,"fileAccessMonitor":false,"fingerprintLongTapAction":"NONE","fingerprintTapAction":"NONE","flashlightWhileAppOpen":false,"flipIcon":false,"flipIconVertically":false,"floatingApp":false,"floatingAppLowerTargetSdk":false,"floatingAppOpacity":1.0,"floatingBackButton":false,"floatingBackButtonColor":-7829368,"floatingBackButtonDoubleBackTap":false,"floatingBackButtonLongPressAction":"NONE","floatingBackButtonOpacity":0.5,"floatingBackButtonPositionPerScreen":false,"floatingBackButtonSize":"MEDIUM","flushLogcatBufferOnExit":false,"fontScale":1.0,"forceRotationLockUsingOverlay":false,"freeFormWindow":false,"fromCloneNumber":1,"googlePlayServicesWorkaround":false,"gpsJoystick":false,"gpsJoystickColor":-7829368,"gpsJoystickHorizontalAlignment":"LEFT","gpsJoystickMaxSpeed":1.5,"gpsJoystickOpacity":1.0,"gpsJoystickSize":"MEDIUM","gpsJoystickVerticalAlignment":"BOTTOM","headphonesPluggedEventAction":"NONE","headphonesUnpluggedEventAction":"NONE","headsUpNotifications":false,"hideBluetoothMacAddress":false,"hideDeveloperMode":false,"hideFromClonedApps":true,"hideGooglePlayServices":false,"hideImei":false,"hideImsi":false,"hideNotch":false,"hideOtherApps":[],"hidePasswordCharacters":false,"hidePowerSavingMode":false,"hideRoot":false,"hideScreenMirroring":true,"hideSimOperatorInfo":true,"hideVpnConnection":true,"hideWifiInfo":false,"hideWifiMacAddress":false,"hostsBlocker":false,"hostsBlockerAllowAllOtherHosts":false,"iconEffect":"NONE","iconHue":180,"iconLightness":0.0,"iconRotation":180,"iconSaturation":0.0,"ignoreCrashes":true,"ignoreCrashesShowCrashMessages":false,"ignoreUpdates":false,"immersiveMode":false,"immersiveModeIgnoreNotch":false,"incognitoKeyboard":false,"incognitoMode":false,"installToSdCard":false,"interpretedMode":false,"joystickPointer":false,"joystickPointerColor":-7829368,"joystickPointerOpacity":1.0,"joystickPointerShowInitially":true,"joystickPointerSize":"MEDIUM","joystickPointerToggleKeyCode":23,"joystickPointerToggleLongPress":true,"keepAppLabel":false,"keepScreenOn":false,"keyboardAdjust":"NO_CHANGE","language":"","largeHeapSupport":false,"largerAspectRatios":"ALLOW","launchQuickSettingsTile":false,"leanbackBannerImage":false,"leanbackLauncherSupport":false,"localActivities":true,"localBroadcastsServices":true,"localOnlyNotifications":false,"logGetPackageName":false,"logcatViewer":false,"longPressBackAction":"NONE","lowMemoryMode":false,"makeAssistApp":false,"makeCameraApp":false,"makeDebuggable":false,"makeHomeApp":false,"makeTestOnly":false,"makeWatchApp":false,"markAsGame":false,"mergeCustomClassesDex":false,"mergeOriginalClassesDex":false,"minSdkVersion":0,"multiWindow":false,"multiWindowNoPause":false,"muteMic":false,"muteOnStart":false,"name":"Netflix","navigationBarColorUseStatusBarColor":false,"noBackgroundServices":false,"noKill":true,"noOngoingNotifications":false,"noRelayoutOnRotation":false,"notificationCategories":[],"notificationColorUseStatusBarColor":false,"notificationFilter":"","notificationPriority":"NO_CHANGE","notificationQuietTime":false,"notificationQuietTimeEnd":"07:00","notificationQuietTimeStart":"21:00","notificationSnoozeTimeout":0,"notificationSound":"NO_CHANGE","notificationTextReplacements":[],"notificationTimeout":0,"notificationTintStatusBarIcon":false,"notificationVibration":"NO_CHANGE","notificationVisibility":"NO_CHANGE","overrideSharedPreferences":{},"palmRejectionWidthPercentage":0,"passwordProtectApp":false,"penButtonPressedEventAction":"NONE","penDetachedEventAction":"NONE","penInsertedEventAction":"NONE","persistentApp":false,"persistentAppAccessibilityService":false,"persistentClipboard":false,"pictureInPictureKeyCode":0,"pictureInPictureLongPress":false,"pictureInPictureNotification":false,"pictureInPictureSupport":false,"popupBlocker":false,"powerConnectedEventAction":"NONE","powerDisconnectedEventAction":"NONE","powerEventsDockUndockEvents":false,"preserveExpansionFiles":false,"pressBackAgainToExit":false,"preventImmersiveMode":false,"preventScreenshots":false,"privateAccounts":false,"privateClipboard":false,"promptKeepAppDataOnUninstall":false,"randomAndroidId":false,"randomizeBuildProps":false,"redirectExternalStorage":false,"removeLauncherIcon":false,"removeLauncherIconShortcuts":false,"removeNotificationActions":false,"removeNotificationIcon":false,"removeNotificationPeople":false,"removePermissions":[],"replaceLauncherIcon":false,"replaceNotificationIcon":false,"requestAllPermissions":false,"requestIgnoreBatteryOptimizations":false,"restoreAppDataOnEveryStart":false,"restoreAutoRotateOnExit":false,"restoreBluetoothStateOnExit":false,"restoreBrightnessOnExit":false,"restoreInterruptionFilterOnExit":false,"restoreWifiStateOnExit":false,"rotationLock":"NONE","roundIconSupport":false,"safeMode":true,"sandboxExternalStorage":false,"screenTextReplacements":[],"setClipboardDataOnStart":"","shakeAction":"NONE","shakeSensitivity":"NORMAL","showAppInfoNotification":false,"showNotificationTime":false,"showOnLockScreen":false,"showOnSecondaryDisplay":false,"showOnSecondaryDisplayActivitiesNames":[],"showTouches":false,"signAsSystemApp":false,"simpleNotifications":false,"skipNativeLibraries":true,"socksProxy":false,"socksProxyPort":1080,"splashScreen":false,"splashScreenBackgroundColor":-1,"splashScreenDuration":3,"splashScreenMargin":0.3,"spoofLocationInterval":10,"startSound":false,"stealthMode":false,"stealthModeUseFingerprint":false,"stethoSupport":false,"targetSdkVersion":0,"taskerStartTaskName":"","taskerStopTaskName":"","toCloneNumber":1,"toastDuration":"NO_CHANGE","toastFilter":"","toastHorizontalAlignment":"CENTER","toastPosition":false,"toastVerticalAlignment":"BOTTOM","toolbarColorUseStatusBarColor":false,"transparentNavigationBar":false,"trustAllCertificates":true,"twitterLoginBehavior":"WEB_ONLY","useAndHook":false,"versionCode":0,"viewModifications":[{"highlightColor":-256,"modification":"HIDE","parent":0,"regExp":true,"search":"Account","searchBy":"VIEW_TEXT"},{"highlightColor":-256,"modification":"HIDE","parent":0,"regExp":true,"search":"Sign Out","searchBy":"VIEW_TEXT"},{"highlightColor":-256,"modification":"DISABLE","parent":0,"regExp":false,"search":"com.netflix.mediaclient/com.netflix.mediaclient.ui.settings.SettingsActivity","searchBy":"VIEW_IDENTIFIER"},{"highlightColor":-256,"modification":"HIDE","parent":0,"regExp":true,"search":"Manage Profiles","searchBy":"VIEW_TEXT"},{"highlightColor":-256,"modification":"HIDE","parent":0,"regExp":true,"search":"sliding_menu_profiles_group","searchBy":"VIEW_IDENTIFIER"},{"highlightColor":-256,"modification":"HIDE","parent":0,"regExp":true,"search":"android.support.v7.app.AlertDialog","searchBy":"VIEW_IDENTIFIER"},{"highlightColor":-256,"modification":"HIDE","parent":0,"regExp":true,"search":"Help","searchBy":"VIEW_TEXT"},{"highlightColor":-256,"modification":"HIDE","parent":0,"regExp":true,"search":"About","searchBy":"VIEW_TEXT"},{"highlightColor":-256,"modification":"HIDE","parent":0,"regExp":true,"search":"edit_profile_action_bar_pen","searchBy":"VIEW_IDENTIFIER"},{"highlightColor":-256,"modification":"DISABLE","parent":0,"regExp":true,"search":"Account","searchBy":"VIEW_TEXT"},{"highlightColor":-256,"modification":"HIDE","parent":0,"regExp":true,"search":"0x7f0b0624","searchBy":"VIEW_IDENTIFIER"},{"highlightColor":-256,"modification":"HIDE","parent":0,"regExp":true,"search":"2131428900","searchBy":"VIEW_IDENTIFIER"},{"highlightColor":-256,"modification":"HIDE","parent":0,"regExp":true,"search":"2131428037","searchBy":"VIEW_IDENTIFIER"},{"highlightColor":-256,"modification":"HIDE","parent":0,"regExp":true,"search":"2131428315","searchBy":"VIEW_IDENTIFIER"},{"highlightColor":-256,"modification":"HIDE","parent":0,"regExp":true,"search":"2132019430","searchBy":"VIEW_IDENTIFIER"},{"highlightColor":-256,"modification":"HIDE","parent":0,"regExp":true,"search":"2132020139","searchBy":"VIEW_IDENTIFIER"},{"highlightColor":-256,"modification":"HIDE","parent":0,"regExp":false,"search":"Manage Profiles","searchBy":"VIEW_TEXT"},{"highlightColor":-256,"modification":"HIDE","parent":0,"regExp":true,"search":"2131427344","searchBy":"VIEW_IDENTIFIER"},{"highlightColor":-256,"modification":"HIDE","parent":0,"regExp":true,"search":"2131429736","searchBy":"VIEW_IDENTIFIER"},{"highlightColor":-256,"modification":"HIDE","parent":0,"regExp":true,"search":"2131429848","searchBy":"VIEW_IDENTIFIER"}],"volumeControlIndicator":"NO_CHANGE","volumeControlIndicatorStep":1,"volumeDownKeyAction":"NONE","volumeRockerLocker":"NONE","volumeUpDownKeyAction":"NONE","volumeUpKeyAction":"NONE","waitForDebugger":false,"welcomeMessageDelay":2000,"welcomeMessageMode":"DIALOG","wideColorGamut":false}